id,content,title,metadata
RDE-1,"Ticket ID: RDE-1
Type: Story
Summary: Implement user authentication system
Description: Create a secure user authentication system with login, logout, and password reset functionality. This should include JWT token management and session handling.
Status: Closed
Fix Version: v2.1.0
Production Release Date: 2024-12-10
Comments:
- integration.specialist@company.com (2024-10-19): Core integration framework 70% complete. Testing with major third-party services.",RDE-1: Implement user authentication system,"{""ticket_id"": ""RDE-1"", ""issue_type"": ""Story"", ""status"": ""Closed"", ""fix_version"": ""v2.1.0"", ""release_date"": ""2024-12-10"", ""summary"": ""Implement user authentication system""}"
RDE-49,"Ticket ID: RDE-49
Type: Feature
Summary: Content Management System
Description: Full-featured content management system with rich text editing, media management, version control, collaborative editing, and multi-channel publishing capabilities.
Status: QA Completed
Fix Version: v2.2.0
Production Release Date: 2024-09-12
Comments:
- content.manager@company.com (2024-09-05): CMS functionality complete. Content creation workflow is intuitive and efficient.
- qa.tester@company.com (2024-09-10): All CMS features tested across browsers. Ready for production release.",RDE-49: Content Management System,"{""ticket_id"": ""RDE-49"", ""issue_type"": ""Feature"", ""status"": ""QA Completed"", ""fix_version"": ""v2.2.0"", ""release_date"": ""2024-09-12"", ""summary"": ""Content Management System""}"
RDE-50,"Ticket ID: RDE-50
Type: Feature
Summary: Performance Monitoring and Optimization Suite
Description: Comprehensive performance monitoring system including real-time metrics, performance profiling, automated optimization suggestions, and capacity planning tools.
Status: In Production
Fix Version: v2.1.0
Production Release Date: 2024-08-15
Comments:
- devops.engineer@company.com (2024-08-12): Performance monitoring active. Already identified several optimization opportunities.
- sre.lead@company.com (2024-08-20): System performance improved by 25% since monitoring implementation.",RDE-50: Performance Monitoring and Optimization Suite,"{""ticket_id"": ""RDE-50"", ""issue_type"": ""Feature"", ""status"": ""In Production"", ""fix_version"": ""v2.1.0"", ""release_date"": ""2024-08-15"", ""summary"": ""Performance Monitoring and Optimization Suite""}"
RDE-2,"Ticket ID: RDE-2
Type: Story
Summary: Add dashboard analytics widgets
Description: Implement interactive dashboard widgets showing key performance metrics including user engagement, conversion rates, and system performance indicators.
Status: In Production
Fix Version: v2.2.0
Production Release Date: 2024-09-12
Comments:
- mike.brown@company.com (2024-09-05): Widget framework completed. All metrics are displaying correctly.",RDE-2: Add dashboard analytics widgets,"{""ticket_id"": ""RDE-2"", ""issue_type"": ""Story"", ""status"": ""In Production"", ""fix_version"": ""v2.2.0"", ""release_date"": ""2024-09-12"", ""summary"": ""Add dashboard analytics widgets""}"
RDE-3,"Ticket ID: RDE-3
Type: Story
Summary: Optimize database query performance
Description: Review and optimize slow-running database queries. Focus on user data retrieval and reporting queries that are taking longer than 2 seconds.
Status: QA Completed
Fix Version: v2.3.0
Production Release Date: 2024-10-20
Comments:
- alice.wilson@company.com (2024-10-15): Query optimization reduced average response time by 60%. QA tests all passing.",RDE-3: Optimize database query performance,"{""ticket_id"": ""RDE-3"", ""issue_type"": ""Story"", ""status"": ""QA Completed"", ""fix_version"": ""v2.3.0"", ""release_date"": ""2024-10-20"", ""summary"": ""Optimize database query performance""}"
RDE-4,"Ticket ID: RDE-4
Type: Story
Summary: Implement mobile responsive design
Description: Update the user interface to be fully responsive across mobile devices. Ensure all functionality works on tablets and smartphones.
Status: Dev Completed
Fix Version: v2.3.0
Production Release Date: 2024-10-20
Comments:
- david.lee@company.com (2024-10-12): Mobile responsive implementation complete. Ready for QA testing.",RDE-4: Implement mobile responsive design,"{""ticket_id"": ""RDE-4"", ""issue_type"": ""Story"", ""status"": ""Dev Completed"", ""fix_version"": ""v2.3.0"", ""release_date"": ""2024-10-20"", ""summary"": ""Implement mobile responsive design""}"
RDE-5,"Ticket ID: RDE-5
Type: Story
Summary: Add file upload functionality
Description: Implement secure file upload with support for PDF, DOC, and image files. Include virus scanning and file size validation up to 10MB.
Status: Development in Progress
Fix Version: v2.4.0
Production Release Date: 2024-11-15
Comments:
- emma.davis@company.com (2024-10-18): File upload component 70% complete. Working on virus scanning integration.",RDE-5: Add file upload functionality,"{""ticket_id"": ""RDE-5"", ""issue_type"": ""Story"", ""status"": ""Development in Progress"", ""fix_version"": ""v2.4.0"", ""release_date"": ""2024-11-15"", ""summary"": ""Add file upload functionality""}"
RDE-6,"Ticket ID: RDE-6
Type: Story
Summary: Create user notification system
Description: Build a comprehensive notification system supporting email and in-app notifications for various user activities and system events.
Status: Open
Fix Version: v2.4.0
Production Release Date: 2024-11-15
Comments:
- robert.taylor@company.com (2024-10-10): Requirements gathered. Starting development next sprint.",RDE-6: Create user notification system,"{""ticket_id"": ""RDE-6"", ""issue_type"": ""Story"", ""status"": ""Open"", ""fix_version"": ""v2.4.0"", ""release_date"": ""2024-11-15"", ""summary"": ""Create user notification system""}"
RDE-7,"Ticket ID: RDE-7
Type: Story
Summary: Implement two-factor authentication
Description: Add 2FA support using TOTP (Time-based One-Time Password) for enhanced security. Support for Google Authenticator and similar apps.
Status: Open
Fix Version: v2.5.0
Production Release Date: 2024-12-10",RDE-7: Implement two-factor authentication,"{""ticket_id"": ""RDE-7"", ""issue_type"": ""Story"", ""status"": ""Open"", ""fix_version"": ""v2.5.0"", ""release_date"": ""2024-12-10"", ""summary"": ""Implement two-factor authentication""}"
RDE-8,"Ticket ID: RDE-8
Type: Story
Summary: Add search functionality to main interface
Description: Implement full-text search across all user content with filtering and sorting capabilities. Include autocomplete suggestions.
Status: Development in Progress
Fix Version: v2.3.0
Production Release Date: 2024-10-20
Comments:
- lisa.martinez@company.com (2024-10-14): Search indexing complete. Working on frontend search interface.",RDE-8: Add search functionality to main interface,"{""ticket_id"": ""RDE-8"", ""issue_type"": ""Story"", ""status"": ""Development in Progress"", ""fix_version"": ""v2.3.0"", ""release_date"": ""2024-10-20"", ""summary"": ""Add search functionality to main interface""}"
RDE-9,"Ticket ID: RDE-9
Type: Story
Summary: Create admin user management panel
Description: Build administrative interface for managing user accounts, permissions, and system settings. Include user activity monitoring.
Status: QA Completed
Fix Version: v2.2.0
Production Release Date: 2024-09-12
Comments:
- mark.anderson@company.com (2024-09-08): Admin panel complete with all requested features. QA testing passed.",RDE-9: Create admin user management panel,"{""ticket_id"": ""RDE-9"", ""issue_type"": ""Story"", ""status"": ""QA Completed"", ""fix_version"": ""v2.2.0"", ""release_date"": ""2024-09-12"", ""summary"": ""Create admin user management panel""}"
RDE-10,"Ticket ID: RDE-10
Type: Story
Summary: Implement data export functionality
Description: Allow users to export their data in CSV and PDF formats. Include options for date range filtering and field selection.
Status: Closed
Fix Version: v2.1.0
Production Release Date: 2024-08-15
Comments:
- jennifer.white@company.com (2024-08-12): Export functionality working perfectly. All test cases passed.",RDE-10: Implement data export functionality,"{""ticket_id"": ""RDE-10"", ""issue_type"": ""Story"", ""status"": ""Closed"", ""fix_version"": ""v2.1.0"", ""release_date"": ""2024-08-15"", ""summary"": ""Implement data export functionality""}"
RDE-11,"Ticket ID: RDE-11
Type: Story
Summary: Add real-time chat support
Description: Implement live chat functionality for customer support with chat history and file sharing capabilities.
Status: In Production
Fix Version: v2.2.0
Production Release Date: 2024-09-12
Comments:
- kevin.johnson@company.com (2024-09-10): Chat system deployed and receiving positive user feedback.",RDE-11: Add real-time chat support,"{""ticket_id"": ""RDE-11"", ""issue_type"": ""Story"", ""status"": ""In Production"", ""fix_version"": ""v2.2.0"", ""release_date"": ""2024-09-12"", ""summary"": ""Add real-time chat support""}"
RDE-12,"Ticket ID: RDE-12
Type: Story
Summary: Create automated backup system
Description: Implement automated daily backups of user data and system configurations with retention policy of 30 days.
Status: Dev Completed
Fix Version: v2.3.0
Production Release Date: 2024-10-20
Comments:
- stephanie.clark@company.com (2024-10-11): Backup system implemented. Successfully tested with sample data.",RDE-12: Create automated backup system,"{""ticket_id"": ""RDE-12"", ""issue_type"": ""Story"", ""status"": ""Dev Completed"", ""fix_version"": ""v2.3.0"", ""release_date"": ""2024-10-20"", ""summary"": ""Create automated backup system""}"
RDE-13,"Ticket ID: RDE-13
Type: Story
Summary: Implement role-based permissions
Description: Create granular permission system with different user roles: Admin, Manager, User, and Guest with appropriate access controls.
Status: Closed
Fix Version: v2.1.0
Production Release Date: 2024-08-15
Comments:
- thomas.harris@company.com (2024-08-13): Permission system working as expected. All role validations passing.",RDE-13: Implement role-based permissions,"{""ticket_id"": ""RDE-13"", ""issue_type"": ""Story"", ""status"": ""Closed"", ""fix_version"": ""v2.1.0"", ""release_date"": ""2024-08-15"", ""summary"": ""Implement role-based permissions""}"
RDE-14,"Ticket ID: RDE-14
Type: Story
Summary: Add email template management
Description: Create interface for managing email templates used throughout the system with rich text editing and preview functionality.
Status: Development in Progress
Fix Version: v2.4.0
Production Release Date: 2024-11-15
Comments:
- nancy.lewis@company.com (2024-10-16): Template editor 50% complete. Working on preview functionality.",RDE-14: Add email template management,"{""ticket_id"": ""RDE-14"", ""issue_type"": ""Story"", ""status"": ""Development in Progress"", ""fix_version"": ""v2.4.0"", ""release_date"": ""2024-11-15"", ""summary"": ""Add email template management""}"
RDE-15,"Ticket ID: RDE-15
Type: Story
Summary: Implement API rate limiting
Description: Add rate limiting to all API endpoints to prevent abuse. Configure different limits for authenticated and anonymous users.
Status: QA Completed
Fix Version: v2.3.0
Production Release Date: 2024-10-20
Comments:
- paul.rodriguez@company.com (2024-10-17): Rate limiting implemented and tested. All scenarios working correctly.",RDE-15: Implement API rate limiting,"{""ticket_id"": ""RDE-15"", ""issue_type"": ""Story"", ""status"": ""QA Completed"", ""fix_version"": ""v2.3.0"", ""release_date"": ""2024-10-20"", ""summary"": ""Implement API rate limiting""}"
RDE-16,"Ticket ID: RDE-16
Type: Story
Summary: Create system health monitoring dashboard
Description: Build monitoring dashboard showing system performance metrics, error rates, and uptime statistics with alerting capabilities.
Status: Open
Fix Version: v2.5.0
Production Release Date: 2024-12-10
Comments:
- maria.gonzalez@company.com (2024-10-08): Requirements defined. Waiting for development resources.",RDE-16: Create system health monitoring dashboard,"{""ticket_id"": ""RDE-16"", ""issue_type"": ""Story"", ""status"": ""Open"", ""fix_version"": ""v2.5.0"", ""release_date"": ""2024-12-10"", ""summary"": ""Create system health monitoring dashboard""}"
RDE-17,"Ticket ID: RDE-17
Type: Story
Summary: Add multi-language support
Description: Implement internationalization (i18n) support for English, Spanish, French, and German languages with dynamic language switching.
Status: Open
Fix Version: v2.5.0
Production Release Date: 2024-12-10",RDE-17: Add multi-language support,"{""ticket_id"": ""RDE-17"", ""issue_type"": ""Story"", ""status"": ""Open"", ""fix_version"": ""v2.5.0"", ""release_date"": ""2024-12-10"", ""summary"": ""Add multi-language support""}"
RDE-18,"Ticket ID: RDE-18
Type: Story
Summary: Implement password policy enforcement
Description: Add configurable password policies including complexity requirements, expiration, and history tracking to enhance security.
Status: In Production
Fix Version: v2.2.0
Production Release Date: 2024-09-12
Comments:
- daniel.moore@company.com (2024-09-11): Password policies active. Users reporting improved security awareness.",RDE-18: Implement password policy enforcement,"{""ticket_id"": ""RDE-18"", ""issue_type"": ""Story"", ""status"": ""In Production"", ""fix_version"": ""v2.2.0"", ""release_date"": ""2024-09-12"", ""summary"": ""Implement password policy enforcement""}"
RDE-19,"Ticket ID: RDE-19
Type: Story
Summary: Create automated testing framework
Description: Set up comprehensive automated testing including unit tests, integration tests, and end-to-end tests with CI/CD integration.
Status: Development in Progress
Fix Version: v2.4.0
Production Release Date: 2024-11-15
Comments:
- rachel.thompson@company.com (2024-10-19): Unit testing framework set up. Working on integration test scenarios.",RDE-19: Create automated testing framework,"{""ticket_id"": ""RDE-19"", ""issue_type"": ""Story"", ""status"": ""Development in Progress"", ""fix_version"": ""v2.4.0"", ""release_date"": ""2024-11-15"", ""summary"": ""Create automated testing framework""}"
RDE-20,"Ticket ID: RDE-20
Type: Story
Summary: Add audit logging system
Description: Implement comprehensive audit logging for all user actions and system events with searchable log interface for administrators.
Status: Dev Completed
Fix Version: v2.3.0
Production Release Date: 2024-10-20
Comments:
- christopher.garcia@company.com (2024-10-13): Audit logging system complete. All user actions being tracked properly.",RDE-20: Add audit logging system,"{""ticket_id"": ""RDE-20"", ""issue_type"": ""Story"", ""status"": ""Dev Completed"", ""fix_version"": ""v2.3.0"", ""release_date"": ""2024-10-20"", ""summary"": ""Add audit logging system""}"
RDE-21,"Ticket ID: RDE-21
Type: Story
Summary: Implement social media login integration
Description: Add OAuth integration for Google, Facebook, and LinkedIn login options to simplify user registration and authentication.
Status: Closed
Fix Version: v2.2.0
Production Release Date: 2024-09-12
Comments:
- amanda.miller@company.com (2024-09-09): Social login working perfectly. Seeing 40% increase in new registrations.",RDE-21: Implement social media login integration,"{""ticket_id"": ""RDE-21"", ""issue_type"": ""Story"", ""status"": ""Closed"", ""fix_version"": ""v2.2.0"", ""release_date"": ""2024-09-12"", ""summary"": ""Implement social media login integration""}"
RDE-22,"Ticket ID: RDE-22
Type: Story
Summary: Create data visualization charts
Description: Implement interactive charts and graphs for data visualization using D3.js or similar library with export capabilities.
Status: QA Completed
Fix Version: v2.3.0
Production Release Date: 2024-10-20
Comments:
- joshua.davis@company.com (2024-10-16): Charts rendering correctly across all browsers. QA approved for release.",RDE-22: Create data visualization charts,"{""ticket_id"": ""RDE-22"", ""issue_type"": ""Story"", ""status"": ""QA Completed"", ""fix_version"": ""v2.3.0"", ""release_date"": ""2024-10-20"", ""summary"": ""Create data visualization charts""}"
RDE-23,"Ticket ID: RDE-23
Type: Story
Summary: Add keyboard shortcuts support
Description: Implement keyboard shortcuts for common actions to improve user productivity and accessibility compliance.
Status: Development in Progress
Fix Version: v2.4.0
Production Release Date: 2024-11-15
Comments:
- melissa.wilson@company.com (2024-10-18): Basic shortcuts implemented. Working on help documentation.",RDE-23: Add keyboard shortcuts support,"{""ticket_id"": ""RDE-23"", ""issue_type"": ""Story"", ""status"": ""Development in Progress"", ""fix_version"": ""v2.4.0"", ""release_date"": ""2024-11-15"", ""summary"": ""Add keyboard shortcuts support""}"
RDE-24,"Ticket ID: RDE-24
Type: Story
Summary: Implement caching strategy
Description: Add Redis caching layer to improve application performance for frequently accessed data and reduce database load.
Status: Open
Fix Version: v2.4.0
Production Release Date: 2024-11-15
Comments:
- andrew.taylor@company.com (2024-10-12): Cache design completed. Ready to start implementation.",RDE-24: Implement caching strategy,"{""ticket_id"": ""RDE-24"", ""issue_type"": ""Story"", ""status"": ""Open"", ""fix_version"": ""v2.4.0"", ""release_date"": ""2024-11-15"", ""summary"": ""Implement caching strategy""}"
RDE-25,"Ticket ID: RDE-25
Type: Story
Summary: Create user onboarding flow
Description: Design and implement guided onboarding experience for new users with interactive tutorials and progress tracking.
Status: Open
Fix Version: v2.5.0
Production Release Date: 2024-12-10",RDE-25: Create user onboarding flow,"{""ticket_id"": ""RDE-25"", ""issue_type"": ""Story"", ""status"": ""Open"", ""fix_version"": ""v2.5.0"", ""release_date"": ""2024-12-10"", ""summary"": ""Create user onboarding flow""}"
RDE-26,"Ticket ID: RDE-26
Type: Story
Summary: Add dark mode theme support
Description: Implement dark mode theme option with user preference storage and smooth theme transitions throughout the application.
Status: In Production
Fix Version: v2.2.0
Production Release Date: 2024-09-12
Comments:
- brittany.anderson@company.com (2024-09-10): Dark mode is live! Users loving the new theme option.",RDE-26: Add dark mode theme support,"{""ticket_id"": ""RDE-26"", ""issue_type"": ""Story"", ""status"": ""In Production"", ""fix_version"": ""v2.2.0"", ""release_date"": ""2024-09-12"", ""summary"": ""Add dark mode theme support""}"
RDE-27,"Ticket ID: RDE-27
Type: Story
Summary: Implement content versioning
Description: Add version control for user content with ability to view history, compare versions, and restore previous versions.
Status: Development in Progress
Fix Version: v2.4.0
Production Release Date: 2024-11-15
Comments:
- gary.jackson@company.com (2024-10-17): Version storage system complete. Working on diff comparison UI.",RDE-27: Implement content versioning,"{""ticket_id"": ""RDE-27"", ""issue_type"": ""Story"", ""status"": ""Development in Progress"", ""fix_version"": ""v2.4.0"", ""release_date"": ""2024-11-15"", ""summary"": ""Implement content versioning""}"
RDE-28,"Ticket ID: RDE-28
Type: Story
Summary: Add email notification preferences
Description: Create user interface for managing email notification preferences with granular control over different notification types.
Status: Dev Completed
Fix Version: v2.3.0
Production Release Date: 2024-10-20
Comments:
- heather.white@company.com (2024-10-14): Notification preferences system complete. Ready for testing.",RDE-28: Add email notification preferences,"{""ticket_id"": ""RDE-28"", ""issue_type"": ""Story"", ""status"": ""Dev Completed"", ""fix_version"": ""v2.3.0"", ""release_date"": ""2024-10-20"", ""summary"": ""Add email notification preferences""}"
RDE-29,"Ticket ID: RDE-29
Type: Story
Summary: Implement session timeout management
Description: Add configurable session timeout with warning notifications and automatic session extension for active users.
Status: Closed
Fix Version: v2.2.0
Production Release Date: 2024-09-12
Comments:
- ian.martinez@company.com (2024-09-08): Session management working perfectly. Security team approved implementation.",RDE-29: Implement session timeout management,"{""ticket_id"": ""RDE-29"", ""issue_type"": ""Story"", ""status"": ""Closed"", ""fix_version"": ""v2.2.0"", ""release_date"": ""2024-09-12"", ""summary"": ""Implement session timeout management""}"
RDE-30,"Ticket ID: RDE-30
Type: Story
Summary: Create custom field management
Description: Allow administrators to create and manage custom fields for different data types with validation rules and display options.
Status: QA Completed
Fix Version: v2.3.0
Production Release Date: 2024-10-20
Comments:
- jackie.thompson@company.com (2024-10-15): Custom fields working correctly. All validation scenarios tested.",RDE-30: Create custom field management,"{""ticket_id"": ""RDE-30"", ""issue_type"": ""Story"", ""status"": ""QA Completed"", ""fix_version"": ""v2.3.0"", ""release_date"": ""2024-10-20"", ""summary"": ""Create custom field management""}"
RDE-31,"Ticket ID: RDE-31
Type: Story
Summary: Add system maintenance mode
Description: Implement maintenance mode functionality with customizable maintenance page and automatic user notifications.
Status: Open
Fix Version: v2.5.0
Production Release Date: 2024-12-10
Comments:
- kyle.garcia@company.com (2024-10-09): Design approved. Scheduled for development in next sprint.",RDE-31: Add system maintenance mode,"{""ticket_id"": ""RDE-31"", ""issue_type"": ""Story"", ""status"": ""Open"", ""fix_version"": ""v2.5.0"", ""release_date"": ""2024-12-10"", ""summary"": ""Add system maintenance mode""}"
RDE-32,"Ticket ID: RDE-32
Type: Story
Summary: Implement webhook support
Description: Add webhook functionality to allow external systems to receive real-time notifications of system events and data changes.
Status: Development in Progress
Fix Version: v2.4.0
Production Release Date: 2024-11-15
Comments:
- laura.rodriguez@company.com (2024-10-18): Webhook framework 60% complete. Testing with sample integrations.",RDE-32: Implement webhook support,"{""ticket_id"": ""RDE-32"", ""issue_type"": ""Story"", ""status"": ""Development in Progress"", ""fix_version"": ""v2.4.0"", ""release_date"": ""2024-11-15"", ""summary"": ""Implement webhook support""}"
RDE-33,"Ticket ID: RDE-33
Type: Story
Summary: Add bulk operations support
Description: Implement bulk edit, delete, and update operations for improved efficiency when managing large datasets.
Status: Dev Completed
Fix Version: v2.3.0
Production Release Date: 2024-10-20
Comments:
- matthew.lee@company.com (2024-10-12): Bulk operations implemented with progress indicators. Ready for QA.",RDE-33: Add bulk operations support,"{""ticket_id"": ""RDE-33"", ""issue_type"": ""Story"", ""status"": ""Dev Completed"", ""fix_version"": ""v2.3.0"", ""release_date"": ""2024-10-20"", ""summary"": ""Add bulk operations support""}"
RDE-34,"Ticket ID: RDE-34
Type: Story
Summary: Create API documentation portal
Description: Build comprehensive API documentation with interactive examples, authentication guides, and code samples in multiple languages.
Status: Open
Fix Version: v2.4.0
Production Release Date: 2024-11-15
Comments:
- nicole.harris@company.com (2024-10-11): Documentation structure defined. Starting content creation.",RDE-34: Create API documentation portal,"{""ticket_id"": ""RDE-34"", ""issue_type"": ""Story"", ""status"": ""Open"", ""fix_version"": ""v2.4.0"", ""release_date"": ""2024-11-15"", ""summary"": ""Create API documentation portal""}"
RDE-35,"Ticket ID: RDE-35
Type: Story
Summary: Implement lazy loading for images
Description: Add lazy loading functionality for images to improve page load performance and reduce bandwidth usage.
Status: In Production
Fix Version: v2.2.0
Production Release Date: 2024-09-12
Comments:
- oscar.clark@company.com (2024-09-11): Lazy loading active. Page load times improved by 30%.",RDE-35: Implement lazy loading for images,"{""ticket_id"": ""RDE-35"", ""issue_type"": ""Story"", ""status"": ""In Production"", ""fix_version"": ""v2.2.0"", ""release_date"": ""2024-09-12"", ""summary"": ""Implement lazy loading for images""}"
RDE-36,"Ticket ID: RDE-36
Type: Story
Summary: Add calendar integration
Description: Integrate with Google Calendar and Outlook to sync events and deadlines with external calendar applications.
Status: Development in Progress
Fix Version: v2.4.0
Production Release Date: 2024-11-15
Comments:
- patricia.lewis@company.com (2024-10-19): Google Calendar integration complete. Working on Outlook integration.",RDE-36: Add calendar integration,"{""ticket_id"": ""RDE-36"", ""issue_type"": ""Story"", ""status"": ""Development in Progress"", ""fix_version"": ""v2.4.0"", ""release_date"": ""2024-11-15"", ""summary"": ""Add calendar integration""}"
RDE-37,"Ticket ID: RDE-37
Type: Story
Summary: Create system configuration management
Description: Build interface for managing system-wide configuration settings with validation and rollback capabilities.
Status: QA Completed
Fix Version: v2.3.0
Production Release Date: 2024-10-20
Comments:
- quincy.walker@company.com (2024-10-16): Configuration management tested thoroughly. All rollback scenarios working.",RDE-37: Create system configuration management,"{""ticket_id"": ""RDE-37"", ""issue_type"": ""Story"", ""status"": ""QA Completed"", ""fix_version"": ""v2.3.0"", ""release_date"": ""2024-10-20"", ""summary"": ""Create system configuration management""}"
RDE-38,"Ticket ID: RDE-38
Type: Story
Summary: Implement progressive web app features
Description: Add PWA capabilities including offline functionality, push notifications, and app-like installation experience.
Status: Open
Fix Version: v2.5.0
Production Release Date: 2024-12-10
Comments:
- rebecca.hall@company.com (2024-10-10): PWA requirements analyzed. Service worker strategy defined.",RDE-38: Implement progressive web app features,"{""ticket_id"": ""RDE-38"", ""issue_type"": ""Story"", ""status"": ""Open"", ""fix_version"": ""v2.5.0"", ""release_date"": ""2024-12-10"", ""summary"": ""Implement progressive web app features""}"
RDE-39,"Ticket ID: RDE-39
Type: Story
Summary: Add data import/export wizard
Description: Create step-by-step wizard for importing and exporting data with field mapping, validation, and progress tracking.
Status: Closed
Fix Version: v2.2.0
Production Release Date: 2024-09-12
Comments:
- samuel.allen@company.com (2024-09-09): Import/export wizard complete. Users finding it very intuitive.",RDE-39: Add data import/export wizard,"{""ticket_id"": ""RDE-39"", ""issue_type"": ""Story"", ""status"": ""Closed"", ""fix_version"": ""v2.2.0"", ""release_date"": ""2024-09-12"", ""summary"": ""Add data import/export wizard""}"
RDE-40,"Ticket ID: RDE-40
Type: Story
Summary: Implement error tracking and reporting
Description: Add comprehensive error tracking system with automatic error reporting, categorization, and resolution tracking.
Status: Development in Progress
Fix Version: v2.4.0
Production Release Date: 2024-11-15
Comments:
- tiffany.young@company.com (2024-10-17): Error capture system working. Building admin dashboard for error management.",RDE-40: Implement error tracking and reporting,"{""ticket_id"": ""RDE-40"", ""issue_type"": ""Story"", ""status"": ""Development in Progress"", ""fix_version"": ""v2.4.0"", ""release_date"": ""2024-11-15"", ""summary"": ""Implement error tracking and reporting""}"
RDE-41,"Ticket ID: RDE-41
Type: Feature
Summary: User Management Platform
Description: Comprehensive user management platform including user registration, profile management, authentication, authorization, and user activity tracking. This feature encompasses the complete user lifecycle management system.
Status: Closed
Fix Version: v2.0.0
Production Release Date: 2024-07-01
Comments:
- project.manager@company.com (2024-06-25): User management platform successfully deployed. All sub-features working correctly.
- qa.lead@company.com (2024-06-30): Comprehensive testing completed. Platform ready for production use.",RDE-41: User Management Platform,"{""ticket_id"": ""RDE-41"", ""issue_type"": ""Feature"", ""status"": ""Closed"", ""fix_version"": ""v2.0.0"", ""release_date"": ""2024-07-01"", ""summary"": ""User Management Platform""}"
RDE-42,"Ticket ID: RDE-42
Type: Feature
Summary: Analytics and Reporting Engine
Description: Advanced analytics and reporting system providing real-time dashboards, custom report generation, data visualization, and business intelligence capabilities with role-based data access.
Status: In Production
Fix Version: v2.1.0
Production Release Date: 2024-08-15
Comments:
- analytics.lead@company.com (2024-08-10): Analytics engine performing excellently. Report generation times under 2 seconds.",RDE-42: Analytics and Reporting Engine,"{""ticket_id"": ""RDE-42"", ""issue_type"": ""Feature"", ""status"": ""In Production"", ""fix_version"": ""v2.1.0"", ""release_date"": ""2024-08-15"", ""summary"": ""Analytics and Reporting Engine""}"
RDE-43,"Ticket ID: RDE-43
Type: Feature
Summary: Mobile Application Suite
Description: Complete mobile application development including iOS and Android native apps with offline synchronization, push notifications, and feature parity with web platform.
Status: Development in Progress
Fix Version: v3.0.0
Production Release Date: 2025-01-20
Comments:
- mobile.lead@company.com (2024-10-15): iOS app 75% complete. Android app 60% complete. Both apps progressing well.
- ui.designer@company.com (2024-10-18): Mobile UI designs approved. Consistent experience across platforms.",RDE-43: Mobile Application Suite,"{""ticket_id"": ""RDE-43"", ""issue_type"": ""Feature"", ""status"": ""Development in Progress"", ""fix_version"": ""v3.0.0"", ""release_date"": ""2025-01-20"", ""summary"": ""Mobile Application Suite""}"
RDE-44,"Ticket ID: RDE-44
Type: Feature
Summary: Advanced Security Framework
Description: Enterprise-grade security implementation including multi-factor authentication, encryption at rest and in transit, security audit trails, compliance reporting, and threat detection.
Status: QA Completed
Fix Version: v2.3.0
Production Release Date: 2024-10-20
Comments:
- security.architect@company.com (2024-10-14): Security framework passed all penetration tests. Ready for production deployment.
- compliance.officer@company.com (2024-10-17): All compliance requirements met. Documentation complete.",RDE-44: Advanced Security Framework,"{""ticket_id"": ""RDE-44"", ""issue_type"": ""Feature"", ""status"": ""QA Completed"", ""fix_version"": ""v2.3.0"", ""release_date"": ""2024-10-20"", ""summary"": ""Advanced Security Framework""}"
RDE-45,"Ticket ID: RDE-45
Type: Feature
Summary: API Gateway and Microservices Architecture
Description: Implementation of microservices architecture with API gateway, service discovery, load balancing, circuit breakers, and comprehensive API management capabilities.
Status: Dev Completed
Fix Version: v2.4.0
Production Release Date: 2024-11-15
Comments:
- architect@company.com (2024-10-16): Microservices architecture complete. All services communicating properly through API gateway.",RDE-45: API Gateway and Microservices Architecture,"{""ticket_id"": ""RDE-45"", ""issue_type"": ""Feature"", ""status"": ""Dev Completed"", ""fix_version"": ""v2.4.0"", ""release_date"": ""2024-11-15"", ""summary"": ""API Gateway and Microservices Architecture""}"
RDE-46,"Ticket ID: RDE-46
Type: Feature
Summary: Workflow Automation Engine
Description: Powerful workflow automation system allowing users to create custom workflows, automate business processes, set up triggers and actions, and manage complex approval processes.
Status: Open
Fix Version: v3.0.0
Production Release Date: 2025-01-20
Comments:
- product.owner@company.com (2024-10-12): Workflow engine requirements finalized. High-priority feature for v3.0.",RDE-46: Workflow Automation Engine,"{""ticket_id"": ""RDE-46"", ""issue_type"": ""Feature"", ""status"": ""Open"", ""fix_version"": ""v3.0.0"", ""release_date"": ""2025-01-20"", ""summary"": ""Workflow Automation Engine""}"
RDE-47,"Ticket ID: RDE-47
Type: Feature
Summary: AI-Powered Recommendation System
Description: Machine learning-based recommendation engine providing personalized content suggestions, predictive analytics, and intelligent automation based on user behavior patterns.
Status: Open
Fix Version: v3.1.0
Production Release Date: 2025-03-15
Comments:
- ai.researcher@company.com (2024-10-08): ML models being trained. Initial recommendation algorithms showing promising results.",RDE-47: AI-Powered Recommendation System,"{""ticket_id"": ""RDE-47"", ""issue_type"": ""Feature"", ""status"": ""Open"", ""fix_version"": ""v3.1.0"", ""release_date"": ""2025-03-15"", ""summary"": ""AI-Powered Recommendation System""}"
